date,interval,CV,CCT,ABD
2023-01-02,09:00,124,293.0867849414408,0.06295377076201385
2023-01-02,09:30,135,288.2923312638332,0.045317260861016395
2023-01-02,10:00,158,338.37173645764545,0.040610512281300956
2023-01-02,10:30,148,276.8291153593769,0.04068540492859486
2023-01-02,11:00,164,204.3359877671101,0.015501643349739344
2023-01-02,11:30,156,249.35844398327882,0.05628494665190548
2023-01-02,12:00,166,229.38481493323542,0.07931297537843109
2023-01-02,12:30,173,303.3764102343962,0.021505036275730867
2023-01-02,13:00,174,305.5461294854933,0.026980128451553946
2023-01-02,13:30,183,269.9680655040597,0.044166125004134464
2023-01-02,14:00,169,392.6139092254469,0.04973005550524132
2023-01-02,14:30,164,341.12724560515943,0.025583127000579558
2023-01-02,15:00,164,202.01649380601123,0.02343627902203139
2023-01-02,15:30,164,336.92332899977055,0.05342736562379941
2023-01-02,16:00,141,284.9448152205356,0.020429560192651453
2023-01-02,16:30,135,276.9680614520106,0.07114244452437832
2023-01-02,17:00,123,211.84799223186332,0.0564816793878959
2023-01-03,09:00,96,266.1538999847021,0.06223352577681736
2023-01-03,09:30,110,346.56400595580993,0.03321564953554723
2023-01-03,10:00,116,316.5631715701782,0.06951090254244718
2023-01-03,10:30,114,290.71705116680914,0.02787330051987944
2023-01-03,11:00,123,340.6262911197099,0.07712480057141646
2023-01-03,11:30,134,350.1766448946012,0.05723272050095268
2023-01-03,12:00,139,318.0697802754207,0.08076073132931938
2023-01-03,12:30,145,378.23218279070034,0.0
2023-01-03,13:00,158,304.35235341190855,0.04401985299068265
2023-01-03,13:30,150,200.62155426995537,0.045606562243249764
2023-01-03,14:00,149,373.8947022370758,0.03963459563452705
2023-01-03,14:30,138,274.91214782077316,0.06830804235404149
2023-01-03,15:00,138,273.51198981164805,0.060265348662267126
2023-01-03,15:30,136,348.43224952664445,0.03595893812245295
2023-01-03,16:00,115,280.3945923433921,0.02072970103735763
2023-01-03,16:30,122,313.05276360899444,0.05010226913284922
2023-01-03,17:00,97,229.23146289747928,0.041587093544692824
2023-01-04,09:00,96,259.88613653891906,0.04677428576667982
2023-01-04,09:30,104,394.3092950605265,0.053491556256636784
2023-01-04,10:00,121,296.2777042116916,0.011624575694019174
2023-01-04,10:30,118,303.01151049705135,0.09926484224970572
2023-01-04,11:00,133,315.07736711668065,0.049305764605895135
2023-01-04,11:30,123,357.14114072575103,0.06503866065373548
2023-01-04,12:00,154,254.53062726026306,0.07805588621872199
2023-01-04,12:30,132,329.3428546900135,0.09380911251619958
2023-01-04,13:00,140,271.6851135198614,0.05199302730175283
2023-01-04,13:30,144,222.46682844669337,0.05137125949612055
2023-01-04,14:00,135,323.6796215317591,0.03161151531532394
2023-01-04,14:30,161,260.83733538318813,0.04355876967588649
2023-01-04,15:00,143,238.45678417830223,0.05454919869208259
2023-01-04,15:30,148,219.62583827193862,0.05369267717064609
2023-01-04,16:00,121,339.0911435888655,0.025260985782438364
2023-01-04,16:30,105,326.09707828084487,0.05593969346466372
2023-01-04,17:00,102,317.32241047484877,0.03639950556843019
2023-01-05,09:00,102,314.65362366493406,0.035712971639472645
2023-01-05,09:30,118,323.6916460455894,0.02617393005594703
2023-01-05,10:00,125,251.26591648863393,0.06574169207484905
2023-01-05,10:30,130,258.9658840824145,0.06926752258488644
2023-01-05,11:00,139,341.10300799972447,0.08793585965307896
2023-01-05,11:30,132,262.3131917821255,0.03220971140748954
2023-01-05,12:00,138,296.1449145292948,0.05682303949633288
2023-01-05,12:30,148,341.3591624518012,0.05026003783755814
2023-01-05,13:00,164,286.7671583381022,0.10440338333179239
2023-01-05,13:30,156,257.1421221791859,0.028582150038777756
2023-01-05,14:00,151,288.82686073370746,0.06428000988184185
2023-01-05,14:30,150,296.3585543671564,0.033064125638631904
2023-01-05,15:00,120,277.67425239664897,0.06712797588646945
2023-01-05,15:30,137,237.7130610644006,0.053463618517023644
2023-01-05,16:00,122,255.80712818994334,0.05307450211891056
2023-01-05,16:30,119,242.85148510846884,0.05715574720696567
2023-01-05,17:00,105,354.1525621587638,0.07107604104069806
2023-01-06,09:00,86,253.10874800424386,0.0603007053441732
2023-01-06,09:30,105,325.7523843153024,0.12705462981309443
2023-01-06,10:00,124,356.77828200902997,0.06908003526986405
2023-01-06,10:30,125,284.2365377679827,0.06517938440986536
2023-01-06,11:00,127,288.15906966299957,0.040292729043417935
2023-01-06,11:30,136,415.73292833367543,0.012654696148165043
2023-01-06,12:00,153,219.36420644051742,0.04056136268421133
2023-01-06,12:30,157,303.21400095477316,0.02844510444141388
2023-01-06,13:00,142,333.9798874467338,0.03539266736565727
2023-01-06,13:30,152,302.2785919951907,0.03696799304788366
2023-01-06,14:00,167,331.6959511159006,0.00949714826684786
2023-01-06,14:30,148,266.9106767615806,0.06704866669592448
2023-01-06,15:00,127,294.26317792665503,0.06009974557960915
2023-01-06,15:30,144,239.9851796472112,0.043309975283181035
2023-01-06,16:00,114,267.3335383713144,0.08530908480562194
2023-01-06,16:30,123,236.95580228324775,0.06835723894109552
2023-01-06,17:00,121,351.62326302755736,0.019612600680919735
2023-01-09,09:00,115,363.34555745933113,0.03584661068762439
2023-01-09,09:30,124,338.73170267146685,0.031461390568438344
2023-01-09,10:00,142,137.93663299654636,0.029512247173314205
2023-01-09,10:30,140,237.6108409017575,0.0826482260786327
2023-01-09,11:00,148,277.9977756651508,0.052614811545721826
2023-01-09,11:30,176,228.20689244102803,0.0732632750430992
2023-01-09,12:00,175,250.92456744760244,0.05924206948526542
2023-01-09,12:30,177,269.98915614206027,0.05139604169980038
2023-01-09,13:00,176,305.6758672625624,0.06324261349042093
2023-01-09,13:30,195,238.10922505865756,0.09266066749312533
2023-01-09,14:00,155,292.41074524822085,0.061766344129691536
2023-01-09,14:30,178,268.8650240089703,0.045837554992854496
2023-01-09,15:00,157,270.53176215278944,0.0669920419404205
2023-01-09,15:30,165,265.3545202369673,0.06799199750866503
2023-01-09,16:00,146,340.643105941948,0.06259257683847225
2023-01-09,16:30,134,271.99094799015154,0.06494587210246525
2023-01-09,17:00,126,298.9549203017926,0.05234654766617564
2023-01-10,09:00,112,270.4214305582085,0.06094194762340076
2023-01-10,09:30,97,289.115939838639,0.0719755370397438
2023-01-10,10:00,127,340.67548180003195,0.07610957614308658
2023-01-10,10:30,119,334.09764856474817,0.043794664868130884
2023-01-10,11:00,138,293.49284728161575,0.051939919299854365
2023-01-10,11:30,141,259.0889658383264,0.09184774551370921
2023-01-10,12:00,136,239.2905693606134,0.07316221747000136
2023-01-10,12:30,154,331.2059908526078,0.0625669101852856
2023-01-10,13:00,149,255.1372814257084,0.05151609116387453
2023-01-10,13:30,143,348.7559866708876,0.04705885236995723
2023-01-10,14:00,137,283.93070791735033,0.05825862908551249
2023-01-10,14:30,140,258.8889802216784,0.05487374422983825
2023-01-10,15:00,137,274.6528412314435,0.04057923388763355
2023-01-10,15:30,137,227.5957829251338,0.0218507245124689
2023-01-10,16:00,111,289.32764241440765,0.0562181513119601
2023-01-10,16:30,133,342.88298116010094,0.04680122940073146
2023-01-10,17:00,99,249.87353176810956,0.04962973728015221
2023-01-11,09:00,97,316.1359280169045,0.03345538112895354
2023-01-11,09:30,105,376.6369456501289,0.04782479703086285
2023-01-11,10:00,123,334.5071995855556,0.041975590562283276
2023-01-11,10:30,121,300.62962003908973,0.051953521970976635
2023-01-11,11:00,127,301.22550871294715,0.059959965824909
2023-01-11,11:30,149,347.96354130426033,0.09306364915023113
2023-01-11,12:00,138,343.6160318360339,0.053666840114767037
2023-01-11,12:30,168,259.5850857322424,0.03320556315638448
2023-01-11,13:00,144,193.80521378450965,0.03948489956638478
2023-01-11,13:30,142,307.5196893238104,0.056835119515543195
2023-01-11,14:00,164,347.5211919093025,0.03846192688675194
2023-01-11,14:30,137,324.5959585753253,0.02359533585958716
2023-01-11,15:00,153,358.97200603606433,0.04061648695790591
2023-01-11,15:30,118,367.69361870827066,0.047709203094947646
2023-01-11,16:00,131,220.27861706028165,0.038012499540924546
2023-01-11,16:30,119,302.3490296882371,0.04099869057041513
2023-01-11,17:00,106,246.61897853087027,0.047152410299574135
2023-01-12,09:00,101,325.72194170293744,0.0642322975617778
2023-01-12,09:30,88,223.29429146321888,0.07555353643797019
2023-01-12,10:00,122,262.5756731721723,0.08102303951045046
2023-01-12,10:30,120,358.96485920319134,0.051350369628202185
2023-01-12,11:00,155,387.7670421221602,0.04502071703041853
2023-01-12,11:30,145,332.2687974792574,0.07737263115064698
2023-01-12,12:00,136,334.30257299992195,0.07116848973699176
2023-01-12,12:30,128,240.83707436671125,0.009215356444797991
2023-01-12,13:00,147,335.8771127897981,0.08004714104192057
2023-01-12,13:30,150,381.4307772785646,0.022397970835702174
2023-01-12,14:00,129,297.22261505516906,0.05768130897878615
2023-01-12,14:30,145,196.62789499800618,0.048217599209744236
2023-01-12,15:00,122,333.48362744150194,0.05733196492193697
2023-01-12,15:30,125,274.30665413316535,0.02881572956222097
2023-01-12,16:00,118,347.7571160250619,0.03028547907328913
2023-01-12,16:30,124,273.48711908137795,0.03414254335475312
2023-01-12,17:00,98,248.2378838790313,0.03892701389305636
2023-01-13,09:00,88,398.2362566458195,0.05070527103943458
2023-01-13,09:30,93,310.6989955367111,0.04775343900618341
2023-01-13,10:00,116,330.7083350021713,0.06515015420094611
2023-01-13,10:30,113,271.209087967766,0.04449896605696712
2023-01-13,11:00,112,224.2404468900724,0.0773374853488905
2023-01-13,11:30,151,287.5481980221811,0.06153113926111533
2023-01-13,12:00,149,453.9440404227619,0.07239149822869154
2023-01-13,12:30,144,252.22297796997873,0.017871073594848554
2023-01-13,13:00,152,262.18246273578484,0.021554925808046518
2023-01-13,13:30,143,245.92259981928026,0.0837428327014513
2023-01-13,14:00,155,299.6013679341691,0.07959888277780053
2023-01-13,14:30,146,256.9357899335868,0.08046248154539315
2023-01-13,15:00,140,248.13769228367718,0.046193226438327836
2023-01-13,15:30,126,230.8600134517832,0.06852355095063284
2023-01-13,16:00,138,230.07162130904294,0.06125938473381142
2023-01-13,16:30,112,275.6437308117652,0.03815212151522262
2023-01-13,17:00,91,302.4260813972414,0.033380997671779246
2023-01-16,09:00,122,297.4880945275431,0.04522103906267181
2023-01-16,09:30,110,271.16143347158334,0.06510782451651512
2023-01-16,10:00,147,251.12223776007244,0.05198664610858452
2023-01-16,10:30,150,216.52973594393143,0.06086720384759871
2023-01-16,11:00,155,328.52993342965794,0.034734816869149664
2023-01-16,11:30,144,218.62287810584186,0.05096169893322764
2023-01-16,12:00,178,254.78416874477958,0.06277184917554748
2023-01-16,12:30,158,296.6960100676342,0.025779676004750868
2023-01-16,13:00,173,302.3699335658207,0.03279173269432095
2023-01-16,13:30,176,350.31464046072205,0.038462162609537026
2023-01-16,14:00,183,243.5146572671191,0.06059608355830566
2023-01-16,14:30,189,176.41777499363553,0.034062094890590464
2023-01-16,15:00,168,289.84773069785035,0.05742291746742618
2023-01-16,15:30,156,304.329489373645,0.046886455292158416
2023-01-16,16:00,154,312.7210421650607,0.05675205324150405
2023-01-16,16:30,138,275.6196887963753,0.041348836243607585
2023-01-16,17:00,123,278.95077595898687,0.05579549713792826
2023-01-17,09:00,120,343.5562351715846,0.043479529356643176
2023-01-17,09:30,112,279.5962313489224,0.009237509296442924
2023-01-17,10:00,109,206.4604039487072,0.04296973031917383
2023-01-17,10:30,119,383.82186561376415,0.05653854747528326
2023-01-17,11:00,133,341.47027905917446,0.005777293819842301
2023-01-17,11:30,137,338.54325969434836,0.02042827508440317
2023-01-17,12:00,157,316.9248203747207,0.04169424172198398
2023-01-17,12:30,152,413.5346428902198,0.053637325101169905
2023-01-17,13:00,152,277.0319550229878,0.03300311261070417
2023-01-17,13:30,158,257.1958087045566,0.05143132474438785
2023-01-17,14:00,141,323.9489912873196,0.05667324210573897
2023-01-17,14:30,156,274.49918005726266,0.044602501294132575
2023-01-17,15:00,125,277.7853369961944,0.05754600986089704
2023-01-17,15:30,142,253.89173379111872,0.0673921184021132
2023-01-17,16:00,132,320.6717451611851,0.08753591625116132
2023-01-17,16:30,111,237.76726483442914,0.014425595021914428
2023-01-17,17:00,114,332.71828281770286,0.0488883065817909
2023-01-18,09:00,102,243.72554763508117,0.09891503959233652
2023-01-18,09:30,101,305.46973973024467,0.06451533247797384
2023-01-18,10:00,123,311.19420121395655,0.03419051089109376
2023-01-18,10:30,123,394.1012248237517,0.07690840092309956
2023-01-18,11:00,151,274.43921617844074,0.030207903594828386
2023-01-18,11:30,134,302.78624561443473,0.07188383036941898
2023-01-18,12:00,129,376.4775159730307,0.04683984202842022
2023-01-18,12:30,141,249.39478123699163,0.016902866562684617
2023-01-18,13:00,158,303.66589835942017,0.024200782005178924
2023-01-18,13:30,137,283.2107650354936,0.08338043050578786
2023-01-18,14:00,143,224.8428523440947,0.04508513871828112
2023-01-18,14:30,143,165.15566785292143,0.04891410266964376
2023-01-18,15:00,133,334.81031824067094,0.08697912189890691
2023-01-18,15:30,146,286.5555654722585,0.027869481825166596
2023-01-18,16:00,144,302.96092170072444,0.05027858583825893
2023-01-18,16:30,118,309.90423803839275,0.04711279176152115
2023-01-18,17:00,94,272.6570529379804,0.04934493459568003
2023-01-19,09:00,94,264.35771086614176,0.05212860455383794
2023-01-19,09:30,97,375.1996494291344,0.0
2023-01-19,10:00,130,362.30425962488147,0.00853219535183701
2023-01-19,10:30,115,281.4279567002104,0.021849766105643577
2023-01-19,11:00,127,244.47120772670857,0.08504540886847245
2023-01-19,11:30,144,363.57775474970794,0.0644334412808647
2023-01-19,12:00,134,273.7739866860113,0.05978749122455836
2023-01-19,12:30,133,335.6499215086194,0.0451934920368373
2023-01-19,13:00,146,335.54799841017456,0.0588852662297208
2023-01-19,13:30,146,357.96649016821243,0.028378733448002055
2023-01-19,14:00,152,329.6550628984192,0.0438090712137202
2023-01-19,14:30,149,237.44432118073485,0.06848054038413802
2023-01-19,15:00,133,273.86384897404804,0.0709801845167378
2023-01-19,15:30,128,229.57693518182202,0.018867416529521928
2023-01-19,16:00,125,235.97853237518586,0.08509588363968729
2023-01-19,16:30,98,384.8228184145019,0.05422034934405237
2023-01-19,17:00,99,272.7540456595525,0.05798272228704142
2023-01-20,09:00,99,355.1650941008261,0.0522845529732408
2023-01-20,09:30,101,281.8193893893072,0.048861087525578654
2023-01-20,10:00,122,214.49158036716872,0.02303629155788574
2023-01-20,10:30,126,308.5432719063971,0.04632033327294642
2023-01-20,11:00,135,317.37908526808354,0.03920480639381277
2023-01-20,11:30,127,309.79226275488406,0.030432544447699363
2023-01-20,12:00,150,214.87081978810798,0.07058311274651288
2023-01-20,12:30,150,312.8014867156938,0.06965381967891028
2023-01-20,13:00,166,350.7185032509065,0.013182515373367093
2023-01-20,13:30,137,268.75907111521605,0.05052182100421668
2023-01-20,14:00,151,263.71280934232675,0.053735335289541566
2023-01-20,14:30,138,269.4241098504026,0.021866778063035556
2023-01-20,15:00,126,232.41576971918332,0.03048253494045335
2023-01-20,15:30,145,252.53005555840286,0.10264764129674782
2023-01-20,16:00,124,309.2418061847437,0.03283284439637573
2023-01-20,16:30,126,271.21810868811133,0.052440196292907235
2023-01-20,17:00,125,295.1970050137675,0.07298546652571353
2023-01-23,09:00,112,298.2505754751519,0.08541601271271021
2023-01-23,09:30,113,390.62242789984646,0.06415503870910952
2023-01-23,10:00,137,331.6203869527761,0.0694510889925346
2023-01-23,10:30,149,221.48876400547718,0.03545725648350263
2023-01-23,11:00,159,296.2783285449977,0.06241344195101356
2023-01-23,11:30,164,233.23278206449493,0.057603957020119265
2023-01-23,12:00,181,327.989522396552,0.07161561451109244
2023-01-23,12:30,183,322.95900396142184,0.04859668577082706
2023-01-23,13:00,163,321.4809109566293,0.05415375374326223
2023-01-23,13:30,182,236.16257120898453,0.028378869191834754
2023-01-23,14:00,185,298.02224230716723,0.06363001394745249
2023-01-23,14:30,175,301.48780697478725,0.06876567611951996
2023-01-23,15:00,157,304.8060388470492,0.04075449422589915
2023-01-23,15:30,158,284.541393826568,0.05444267543267426
2023-01-23,16:00,138,362.78780627867604,0.03210785395560992
2023-01-23,16:30,141,278.01344708629125,0.07893955768707467
2023-01-23,17:00,121,351.59222697343176,0.020288792539260563
2023-01-24,09:00,102,344.4815397811719,0.051645679785508485
2023-01-24,09:30,110,274.13557749498136,0.0781869488037116
2023-01-24,10:00,142,281.85807197801705,0.041089949571984564
2023-01-24,10:30,133,378.97860728653563,0.03954279945693463
2023-01-24,11:00,131,285.9107695569746,0.023110989779314462
2023-01-24,11:30,126,249.7929616623966,0.034644048697917436
2023-01-24,12:00,145,311.710736626826,0.08101000985628154
2023-01-24,12:30,136,349.2161199238292,0.04572022311548982
2023-01-24,13:00,149,333.7409746083302,0.02754555956875403
2023-01-24,13:30,153,308.3226104106528,0.05984902528016298
2023-01-24,14:00,149,422.7650069955447,0.037245200314973685
2023-01-24,14:30,140,268.8429736787618,0.03889045761679491
2023-01-24,15:00,128,359.4508265553776,0.0784100849597971
2023-01-24,15:30,129,258.38222134478855,0.05942831112772808
2023-01-24,16:00,113,331.6465908877755,0.054058460417026
2023-01-24,16:30,103,377.3752600665031,0.08591755346191043
2023-01-24,17:00,93,280.6149220032008,0.0557173078144981
2023-01-25,09:00,103,332.92721363364154,0.090204090775327
2023-01-25,09:30,98,260.0851377730773,0.022413615439709458
2023-01-25,10:00,111,298.34365135631015,0.08589115727035576
2023-01-25,10:30,113,311.18939758194495,0.04967154207854496
2023-01-25,11:00,147,426.3466212936811,0.03938262454159359
2023-01-25,11:30,130,352.2080438534536,0.06363782979252623
2023-01-25,12:00,164,329.1964092662982,0.042814158184258815
2023-01-25,12:30,152,355.4351790291454,0.06640964362394729
2023-01-25,13:00,155,353.3337344794577,0.07338591180891346
2023-01-25,13:30,163,332.4354943794821,0.046657638393662916
2023-01-25,14:00,147,360.3254483254178,0.03366128658025528
2023-01-25,14:30,149,280.33305938363196,0.05057489645869635
2023-01-25,15:00,148,309.55495340099515,0.050928730963122976
2023-01-25,15:30,121,337.312678301361,0.06290968362282151
2023-01-25,16:00,140,284.61108825235,0.05438300655327878
2023-01-25,16:30,121,378.8726639881737,0.04809408935226096
2023-01-25,17:00,102,330.39482548582697,0.053732182463127165
2023-01-26,09:00,95,309.70449964491536,0.07147263499719544
2023-01-26,09:30,89,306.6484837073438,0.035997583701216536
2023-01-26,10:00,131,223.84065476081128,0.038821563054568235
2023-01-26,10:30,122,378.27620146171705,0.04868499477854025
2023-01-26,11:00,129,394.0578534720295,0.02103972199167512
2023-01-26,11:30,113,322.00072250266663,0.03995891551294778
2023-01-26,12:00,135,335.41782236496766,0.054876014275423976
2023-01-26,12:30,140,235.9847800664553,0.0674491465656029
2023-01-26,13:00,156,295.04120681103086,0.08693273992095332
2023-01-26,13:30,139,223.72374145376307,0.03616183860237511
2023-01-26,14:00,145,312.1669724661346,0.0451752788428734
2023-01-26,14:30,149,237.4230287904778,0.0788752920814652
2023-01-26,15:00,134,355.86479157940636,0.05685450692755409
2023-01-26,15:30,139,328.4883640116102,0.0589541712003463
2023-01-26,16:00,125,366.4576265066216,0.053930423394029404
2023-01-26,16:30,126,295.51321528563864,0.07880234430898946
2023-01-26,17:00,93,390.0470216455408,0.04919684098711313
2023-01-27,09:00,85,306.40522074553945,0.03637896685050239
2023-01-27,09:30,108,267.36880103488045,0.04107633133570441
2023-01-27,10:00,100,277.38468403754615,0.0015224134674208661
2023-01-27,10:30,103,338.02073280721487,0.06571600317301665
2023-01-27,11:00,139,251.65119284353935,0.04904577287716041
2023-01-27,11:30,135,242.08176554037286,0.08006796603534301
2023-01-27,12:00,154,288.9517913085168,0.05053771677989062
2023-01-27,12:30,148,197.91325657878548,0.045056452349588064
2023-01-27,13:00,143,249.91899950525422,0.044377994142280906
2023-01-27,13:30,167,332.0421430633505,0.03857642020434407
2023-01-27,14:00,151,369.9677718293001,0.06849267365825538
2023-01-27,14:30,146,267.6531611147213,0.0639644662722718
2023-01-27,15:00,139,344.75966100138663,0.0627034360336394
2023-01-27,15:30,145,273.2382394219716,0.07634788131268652
2023-01-27,16:00,121,403.76304363126326,0.03621624363820865
2023-01-27,16:30,136,309.89553917313236,0.036971639927711034
2023-01-27,17:00,95,283.98263459028396,0.05848331892803833
2023-01-30,09:00,125,271.31499980307103,0.04951290815478034
2023-01-30,09:30,141,386.3771585050356,0.058726473393480645
2023-01-30,10:00,143,306.0015663359131,0.062270359454608334
2023-01-30,10:30,132,287.13117312883276,0.016628318522448213
2023-01-30,11:00,166,332.35979698513705,0.040336270754012526
2023-01-30,11:30,178,238.71171684988295,0.0207125023958036
2023-01-30,12:00,177,352.3549151306077,0.08367855382915737
2023-01-30,12:30,170,353.9340416715648,0.049229830609985856
2023-01-30,13:00,178,344.18299687433364,0.06304645756826839
2023-01-30,13:30,164,373.8270174862948,0.07760182708294903
2023-01-30,14:00,169,319.7901766718704,0.05988060372565478
2023-01-30,14:30,178,272.484742307729,0.03656753264123897
2023-01-30,15:00,162,358.63645096296824,0.06087200309188865
2023-01-30,15:30,158,338.58493553241726,0.0
2023-01-30,16:00,154,213.01431106109501,0.04275118117193736
2023-01-30,16:30,131,235.2659262139547,0.0732165357475704
2023-01-30,17:00,115,317.3251940865358,0.04906158842241632
2023-01-31,09:00,104,303.8410945530128,0.02434015551622861
2023-01-31,09:30,109,275.3121708419344,0.01886836202680498
2023-01-31,10:00,114,375.03798953171554,0.06700443484226987
2023-01-31,10:30,115,282.53711478407854,0.04356729897565235
2023-01-31,11:00,156,319.09677261157765,0.058600832943821395
2023-01-31,11:30,145,311.93945795132566,0.04481915708358594
2023-01-31,12:00,144,296.4199370292968,0.04925555526980317
2023-01-31,12:30,153,302.59729429036497,0.06465280154431159
2023-01-31,13:00,149,303.9317595158045,0.010035986309357849
2023-01-31,13:30,159,317.32442379489964,0.06996020219719305
2023-01-31,14:00,117,404.4187352390364,0.04720820743689653
2023-01-31,14:30,157,248.00470364372347,0.0622554781012514
2023-01-31,15:00,124,268.81155196520973,0.08828062707733572
2023-01-31,15:30,133,310.87164365898616,0.06740135461377508
2023-01-31,16:00,124,307.5209452571788,0.057299220049324515
2023-01-31,16:30,143,297.1190601483207,0.05402198093429935
2023-01-31,17:00,110,355.2762966478992,0.07374060611120761
2023-02-01,09:00,106,242.84975436347582,0.08266863064602192
2023-02-01,09:30,88,315.13177326195165,0.03491448299961285
2023-02-01,10:00,118,316.43812051517403,0.056427144309005466
2023-02-01,10:30,123,380.68556345293234,0.059070686030279596
2023-02-01,11:00,132,348.20435841441787,0.07378940977849281
2023-02-01,11:30,123,329.8700034924929,0.06402345484621796
2023-02-01,12:00,143,368.785340665581,0.04699888825934947
2023-02-01,12:30,147,291.34640878580655,0.05031158095162935
2023-02-01,13:00,139,227.99745587028528,0.08189010126449944
2023-02-01,13:30,141,250.43038252718463,0.006932197727925707
2023-02-01,14:00,139,233.84551032962509,0.0828403032027274
2023-02-01,14:30,156,265.5924827411138,0.09504871610688617
2023-02-01,15:00,145,283.7584308245689,1.1885702528538489e-05
2023-02-01,15:30,158,230.5213766618202,0.017092025060862166
2023-02-01,16:00,129,421.98762031696367,0.07768545637021036
2023-02-01,16:30,124,329.7377170832643,0.06706831117560616
2023-02-01,17:00,107,314.0595711984688,0.05208402207903753
2023-02-02,09:00,99,262.30177055666616,0.04438649846266452
2023-02-02,09:30,83,295.0830186602625,0.030228177856981654
2023-02-02,10:00,108,308.9947075576739,0.07784004572689199
2023-02-02,10:30,128,221.47496981884115,0.030207437268593252
2023-02-02,11:00,144,250.87563032308452,0.04550733700005951
2023-02-02,11:30,140,251.58277725681825,0.0521075101229192
2023-02-02,12:00,132,269.9316178024393,0.056395638682850746
2023-02-02,12:30,130,322.02373689801993,0.04960724402146638
2023-02-02,13:00,155,311.1957067032331,0.0772828085994769
2023-02-02,13:30,151,278.52972294373734,0.05244595006064568
2023-02-02,14:00,151,302.4430035162852,0.05081183382407765
2023-02-02,14:30,139,266.85495412245257,0.021947894564006133
2023-02-02,15:00,152,237.80683823043574,0.036141896044081856
2023-02-02,15:30,128,344.74621884722205,0.04410100643415945
2023-02-02,16:00,131,266.3254687878066,0.05557988324447604
2023-02-02,16:30,110,407.2574563886694,0.026248031619409747
2023-02-02,17:00,103,331.6888440466049,0.05827598194902997
2023-02-03,09:00,98,293.5089650133287,0.05087622943958219
2023-02-03,09:30,98,348.1939558397455,0.09421046003182704
2023-02-03,10:00,113,231.5098510210461,0.048234359032974905
2023-02-03,10:30,144,259.81627160151345,0.08278233610888136
2023-02-03,11:00,152,272.32058791460025,0.06137966158370551
2023-02-03,11:30,151,281.04361295062563,0.045928392797952765
2023-02-03,12:00,140,249.26216346535665,0.03701444909867986
2023-02-03,12:30,133,301.7041734129613,0.034600535378827166
2023-02-03,13:00,152,222.20521768981865,0.056617604644289145
2023-02-03,13:30,158,200.31321787142724,0.05748113139695145
2023-02-03,14:00,158,239.51794906543972,0.08345144773675407
2023-02-03,14:30,150,264.7494072120796,0.048884618446845884
2023-02-03,15:00,140,303.80026957062057,0.06077511984892739
2023-02-03,15:30,126,308.4680412018039,0.021725710061900397
2023-02-03,16:00,118,254.8046179267605,0.03528940114820467
2023-02-03,16:30,131,354.56550602971345,0.06218276241814354
2023-02-03,17:00,89,284.1795775152599,0.07426195399958367
2023-02-06,09:00,121,415.9664769990847,0.057866356787887444
2023-02-06,09:30,121,284.54417678987494,0.05267081809564565
2023-02-06,10:00,141,335.4054338344295,0.06913404633589168
2023-02-06,10:30,135,233.4383523221111,0.01327589253793407
2023-02-06,11:00,167,244.83166969130633,0.006942188140950344
2023-02-06,11:30,166,424.6499758716395,0.04987858176920214
2023-02-06,12:00,183,304.09146792737823,0.04802220693617715
2023-02-06,12:30,184,285.48627279056745,0.05534784628143806
2023-02-06,13:00,183,266.59547731784755,0.06984084699073045
2023-02-06,13:30,178,262.2127420253578,0.06073019687140807
2023-02-06,14:00,166,301.4090578684564,0.04981762006711593
2023-02-06,14:30,186,323.73491164399763,0.049499460825097125
2023-02-06,15:00,170,369.5103774508657,0.061156206127037246
2023-02-06,15:30,162,234.40818838249203,0.02869772673849255
2023-02-06,16:00,139,269.52438989203586,0.04626057394029108
2023-02-06,16:30,143,326.48463771783656,0.04859002443881818
2023-02-06,17:00,124,303.223720740506,0.010490668672922573
2023-02-07,09:00,90,292.7956222139192,0.02580610514317785
2023-02-07,09:30,105,376.53754161718484,0.07437523703394633
2023-02-07,10:00,116,374.5363068424976,0.05297334914404223
2023-02-07,10:30,115,269.329866822953,0.04395060627023743
2023-02-07,11:00,131,308.52081111877436,0.053211479620997294
2023-02-07,11:30,135,321.8469084873175,0.07381292549572682
2023-02-07,12:00,155,225.75510157750483,0.0
2023-02-07,12:30,155,231.65606507922894,0.045504691962146335
2023-02-07,13:00,138,209.900978120999,0.06082925456409576
2023-02-07,13:30,157,271.174479963664,0.0
2023-02-07,14:00,140,319.5902002701273,0.020421768624517427
2023-02-07,14:30,148,299.23450754135024,0.06158582999202177
2023-02-07,15:00,136,251.34655295592222,0.07393143003328984
2023-02-07,15:30,133,298.63477302450343,0.03133464081853608
2023-02-07,16:00,114,255.75986429865495,0.04654107880153154
2023-02-07,16:30,136,231.4049428534322,0.01772877204246518
2023-02-07,17:00,114,289.5338161424067,0.03661854522680167
2023-02-08,09:00,110,269.7192230131568,0.08652019427093872
2023-02-08,09:30,106,275.60442959271484,0.09314616426531008
2023-02-08,10:00,113,337.1047686004654,0.05598585160812984
2023-02-08,10:30,132,378.0755598363426,0.05064008298131534
2023-02-08,11:00,127,322.9986071469558,0.03644569260495788
2023-02-08,11:30,155,306.8267665541369,0.042693568973757826
2023-02-08,12:00,148,232.64368552351516,0.03056771922978697
2023-02-08,12:30,158,267.1552860514302,0.02906178034636121
2023-02-08,13:00,155,359.28520773314983,0.06437906621330133
2023-02-08,13:30,159,262.16024557152696,0.021563786665163127
2023-02-08,14:00,161,283.8660080578932,0.044983339670899056
2023-02-08,14:30,159,327.811500470033,0.059117755441632155
2023-02-08,15:00,157,267.8240884809928,0.06855680256162475
2023-02-08,15:30,135,313.42961394316285,0.08056936852825064
2023-02-08,16:00,124,326.91480395248163,0.07145014674619604
2023-02-08,16:30,115,258.0395166330497,0.02910381611957933
2023-02-08,17:00,80,402.8103564970161,0.02793583268556634
2023-02-09,09:00,97,286.15933500555394,0.05614813395618202
2023-02-09,09:30,108,343.02367441798725,0.038338451228621236
2023-02-09,10:00,117,314.12899752441496,0.04502617747632906
2023-02-09,10:30,135,324.54874758191255,0.06469755572099635
2023-02-09,11:00,141,358.67369287426624,0.05362043117407414
2023-02-09,11:30,122,319.9843975876321,0.036972862124163425
2023-02-09,12:00,140,329.3182009377547,0.07476566142867272
2023-02-09,12:30,146,315.4416506299482,0.08404429889270476
2023-02-09,13:00,152,430.08415570901974,0.06131019291263089
2023-02-09,13:30,132,337.6670810552266,0.05762316769765556
2023-02-09,14:00,159,333.6590675634979,0.04723088032032453
2023-02-09,14:30,133,289.54883713569876,0.032989590915814
2023-02-09,15:00,129,329.42892022103047,0.08339809008702813
2023-02-09,15:30,139,240.2058468982408,0.05889205336440281
2023-02-09,16:00,131,269.51085478403087,0.04731965666654165
2023-02-09,16:30,119,260.755084345888,0.06296560867687719
2023-02-09,17:00,98,320.9766221953514,0.032250156443958
2023-02-10,09:00,95,336.11906789138857,0.04254333695816466
2023-02-10,09:30,117,280.0181907192699,0.05449369451503772
2023-02-10,10:00,128,229.08171335334842,0.014783823760384486
2023-02-10,10:30,103,363.1292051713591,0.038962837082151064
2023-02-10,11:00,160,271.78762006713055,0.053691026063940744
2023-02-10,11:30,150,400.3046444079562,0.09123007153272797
2023-02-10,12:00,158,351.2031262905731,0.061850538984023665
2023-02-10,12:30,153,272.44071418357333,0.033636022331553855
2023-02-10,13:00,149,291.49076887375355,0.0409354390134545
2023-02-10,13:30,156,347.76526042852555,0.05176813772583695
2023-02-10,14:00,160,242.91554429332476,0.04612681081440564
2023-02-10,14:30,139,206.673169146347,0.04834638628314602
2023-02-10,15:00,134,375.67248716210656,0.06261623369109555
2023-02-10,15:30,125,392.70462831670943,0.07442067391050707
2023-02-10,16:00,124,288.6757950575084,0.030811215265530406
2023-02-10,16:30,115,354.4374309852093,0.08769172611869219
2023-02-10,17:00,115,275.5575289106863,0.027607651334219777
2023-02-13,09:00,121,211.57803172185743,0.05646335428369563
2023-02-13,09:30,118,276.6981749065879,0.018105938654664096
2023-02-13,10:00,148,273.36495801690444,0.02660166328579424
2023-02-13,10:30,114,298.62425474746817,0.0854450319333949
2023-02-13,11:00,179,277.1451871706864,0.03795575879276439
2023-02-13,11:30,167,250.08072804058543,0.05603583799638932
2023-02-13,12:00,183,361.34666119421536,0.04799691847040095
2023-02-13,12:30,173,256.1008706621719,0.033462392919202805
2023-02-13,13:00,177,318.3682753408089,0.06827169252466499
2023-02-13,13:30,171,374.6344284479761,0.04457752797914863
2023-02-13,14:00,175,262.63941604260884,0.0015151947945411665
2023-02-13,14:30,184,336.84219485462165,0.044373448857635736
2023-02-13,15:00,163,325.79696088520495,0.018749082862269145
2023-02-13,15:30,157,339.7132339810914,0.024914211536615015
2023-02-13,16:00,145,232.17090976882974,0.05932859964867053
2023-02-13,16:30,142,219.24340920472451,0.07329478708914343
2023-02-13,17:00,112,259.48737814928097,0.05401138394461886
2023-02-14,09:00,111,249.20890905108016,0.05123359699695944
2023-02-14,09:30,104,334.6552803631572,0.05352883110554451
2023-02-14,10:00,115,258.62048896756403,0.0517228776609275
2023-02-14,10:30,108,153.93247582526962,0.05873119608315336
2023-02-14,11:00,144,181.85337822290808,0.02980538590580125
2023-02-14,11:30,141,402.8747734855849,0.050415874153508164
2023-02-14,12:00,138,290.855177944758,0.0774975283829637
2023-02-14,12:30,139,260.04039966748735,0.040345129556359355
2023-02-14,13:00,140,306.13351579973977,0.08249356916939121
2023-02-14,13:30,153,287.3823248936856,0.04416377462168912
2023-02-14,14:00,130,344.15548885735797,0.048443256059743964
2023-02-14,14:30,144,459.65537839224305,0.055975058167313727
2023-02-14,15:00,127,278.6821201897228,0.0729689141839351
2023-02-14,15:30,136,228.08610108413166,0.06838457869150408
2023-02-14,16:00,112,393.6648888108773,0.07160096131429297
2023-02-14,16:30,114,364.0508180867556,0.05135711021054807
2023-02-14,17:00,108,324.23664086472377,0.03307286690018253
2023-02-15,09:00,93,351.49804087905807,0.043304493357869185
2023-02-15,09:30,95,252.24387103253235,0.058471981311869224
2023-02-15,10:00,139,246.62335428728636,0.05048438913345516
2023-02-15,10:30,133,296.01793043771426,0.05904743592499468
2023-02-15,11:00,124,321.4153548603824,0.04625711469990903
2023-02-15,11:30,145,359.3693025782376,0.10179127284037229
2023-02-15,12:00,151,316.2898158291083,0.05388768603154672
2023-02-15,12:30,142,316.9241921730846,0.044091971797219416
2023-02-15,13:00,151,365.879876780398,0.02986914869440718
2023-02-15,13:30,161,365.85575336699327,0.047638629460178425
2023-02-15,14:00,124,269.60890064527837,0.07593989093122219
2023-02-15,14:30,145,250.03488838525448,0.03990450157543565
2023-02-15,15:00,143,327.33667841006894,0.045221358016606115
2023-02-15,15:30,131,280.4120925478089,0.03155179631002995
2023-02-15,16:00,135,283.883976539433,0.07434317041650994
2023-02-15,16:30,134,349.91554490739804,0.04136759374563903
2023-02-15,17:00,104,298.7902196804542,0.031925962785397444
2023-02-16,09:00,103,241.04801044200988,0.07375358776923127
2023-02-16,09:30,95,310.05798279364194,0.05566575743092285
2023-02-16,10:00,116,329.33469007376374,0.04050192686754951
2023-02-16,10:30,127,232.70101598766257,0.05252759159092824
2023-02-16,11:00,154,249.98343376972127,0.03644510058950297
2023-02-16,11:30,140,308.9790890969799,0.05701260198547119
2023-02-16,12:00,151,331.7360734280885,0.07219399683912447
2023-02-16,12:30,150,287.93711726907287,0.06345147402405463
2023-02-16,13:00,168,293.3683126808713,0.030509413906587173
2023-02-16,13:30,161,293.9809418023201,0.006546609079719282
2023-02-16,14:00,154,273.23359070230384,0.048189334353916785
2023-02-16,14:30,149,309.5249839889533,0.0641890363427808
2023-02-16,15:00,131,325.65528990880415,0.04480906644832166
2023-02-16,15:30,142,330.76837420065266,0.03129122595910809
2023-02-16,16:00,129,273.2018277442976,0.0661611559656229
2023-02-16,16:30,122,391.9091838397561,0.04553068035256296
2023-02-16,17:00,96,299.0290197056134,0.04393640434331449
2023-02-17,09:00,107,219.1844695781706,0.02892635161707292
2023-02-17,09:30,89,347.5153795986788,0.08421226745163851
2023-02-17,10:00,118,291.5589138404995,0.05140104326226363
2023-02-17,10:30,130,253.63234329047128,0.054767379654695705
2023-02-17,11:00,145,325.05470849699225,0.05379163233197487
2023-02-17,11:30,145,164.83838535003815,0.06355750639061816
2023-02-17,12:00,139,208.46835515717714,0.060224051990499614
2023-02-17,12:30,159,293.12757426861543,0.06905749094405877
2023-02-17,13:00,166,365.74572267920234,0.08279929058742785
2023-02-17,13:30,157,303.77168194507965,0.01796068376205663
2023-02-17,14:00,143,257.8376702341904,0.09341885434995628
2023-02-17,14:30,144,306.1602403392243,0.061029707520809356
2023-02-17,15:00,135,384.75255202153767,0.037547012765310965
2023-02-17,15:30,137,262.8764707150976,0.023599549775585885
2023-02-17,16:00,113,298.1481601475794,0.04141395550965481
2023-02-17,16:30,112,229.6841268164083,0.04833788854742611
2023-02-17,17:00,84,338.0027981844801,0.05164879505869007
2023-02-20,09:00,105,284.5395461475068,0.03495687188818834
2023-02-20,09:30,123,367.0225223011572,0.012496550607085113
2023-02-20,10:00,144,291.99336022166796,0.06342680152900931
2023-02-20,10:30,145,262.40153341305904,0.04361892128666764
2023-02-20,11:00,154,353.80035692992993,0.050426232973438845
2023-02-20,11:30,181,296.966959309269,0.035831864661790745
2023-02-20,12:00,160,209.84301618720275,0.01831728113989021
2023-02-20,12:30,178,325.43625116149667,0.018376185959357333
2023-02-20,13:00,188,275.846947415828,0.05293586023971099
2023-02-20,13:30,196,344.8419657932766,0.04462938704188336
2023-02-20,14:00,166,192.40922993353476,0.0356169336151516
2023-02-20,14:30,173,250.6410236424408,0.04737486065815391
2023-02-20,15:00,163,288.75720090959607,0.03699994838353081
2023-02-20,15:30,164,322.09703247847045,0.02819201845114308
2023-02-20,16:00,157,295.07059338578694,0.05037699245889696
2023-02-20,16:30,150,311.6608065631751,0.0690627326782649
2023-02-20,17:00,122,269.3781312679781,0.05723007050412204
2023-02-21,09:00,88,305.42798528882616,0.04933540018711079
2023-02-21,09:30,97,293.57312442805346,0.012363019090047223
2023-02-21,10:00,113,304.64224505705573,0.05319712783994801
2023-02-21,10:30,108,363.28539204323505,0.032676503035709986
2023-02-21,11:00,145,321.35971809358426,0.037075453803123944
2023-02-21,11:30,153,240.318158412176,0.06838308347220004
2023-02-21,12:00,156,266.46898954616773,0.07784930600128658
2023-02-21,12:30,143,314.43468146399283,0.05520643677542442
2023-02-21,13:00,148,340.5404136579891,0.06586977441104426
2023-02-21,13:30,132,365.2170121439076,0.016750160239286514
2023-02-21,14:00,156,356.3352568413792,0.02818067139569604
2023-02-21,14:30,142,244.7147665757032,0.0457015793942253
2023-02-21,15:00,132,338.983026613467,0.07620617492239218
2023-02-21,15:30,149,271.8915986710849,0.045815562525109446
2023-02-21,16:00,102,259.7064966751906,0.06929703266194916
2023-02-21,16:30,135,238.2825564060039,0.03815071481694211
2023-02-21,17:00,99,314.00805794098034,0.03380792960156708
2023-02-22,09:00,104,276.3080326464542,0.04971095458243442
2023-02-22,09:30,105,300.3211134905469,0.04127228218946863
2023-02-22,10:00,118,295.58185203973323,0.04259977940235745
2023-02-22,10:30,116,379.9323585252358,0.061218388958824775
2023-02-22,11:00,132,334.84772022553676,0.043323610204879806
2023-02-22,11:30,147,318.4821096099047,0.04785395711991543
2023-02-22,12:00,150,221.45619239657503,0.027464650621803897
2023-02-22,12:30,134,307.14715473818535,0.08465029998970183
2023-02-22,13:00,172,331.90255507203784,0.06001688949888914
2023-02-22,13:30,131,272.8663100132989,0.03424432496183523
2023-02-22,14:00,139,291.5928090707605,0.04055818844605746
2023-02-22,14:30,126,337.3955128058767,0.02854513948520387
2023-02-22,15:00,137,403.70413348749867,0.031612308168271534
2023-02-22,15:30,110,285.69978890599447,0.07201919269997142
2023-02-22,16:00,138,238.52252027737916,0.05993398446473044
2023-02-22,16:30,114,294.7025822847932,0.1028868669403407
2023-02-22,17:00,84,312.6869830747287,0.05935386343530867
2023-02-23,09:00,110,304.8991576735448,0.05616101079008205
2023-02-23,09:30,96,313.45634706225536,0.043136154490051794
2023-02-23,10:00,125,281.5194831978183,0.057542007878043734
2023-02-23,10:30,118,356.3025125386084,0.04897212552823028
2023-02-23,11:00,117,363.0960750356996,0.031885353982747625
2023-02-23,11:30,128,270.2169352978254,0.07748876186341636
2023-02-23,12:00,124,456.8874266829997,0.07112113618132104
2023-02-23,12:30,148,297.25529996918567,0.05571108149715314
2023-02-23,13:00,155,332.26077929750284,0.06111208932006897
2023-02-23,13:30,150,290.1330789846337,0.046974534326929766
2023-02-23,14:00,144,356.68850484335326,0.06187113444561724
2023-02-23,14:30,116,332.79503882648805,0.0538947238943755
2023-02-23,15:00,135,280.5740773455557,0.07248225439972028
2023-02-23,15:30,144,261.35611660881955,0.0581410457424907
2023-02-23,16:00,109,231.01909176055347,0.0374656555082007
2023-02-23,16:30,127,347.65625226880434,0.06026170840194586
2023-02-23,17:00,107,325.8089143557479,0.03717036809554096
2023-02-24,09:00,104,340.0204762613841,0.06508582659627149
2023-02-24,09:30,111,335.4151923600532,0.05702896415083166
2023-02-24,10:00,129,298.673937037547,0.03236250697544565
2023-02-24,10:30,117,262.75486775967755,0.036496434500512376
2023-02-24,11:00,133,260.37900395000196,0.0438407694072192
2023-02-24,11:30,116,310.66468536864693,0.05002410950724449
2023-02-24,12:00,138,332.96228342162027,0.06875140275253117
2023-02-24,12:30,130,261.8637610716893,0.03461715300425404
2023-02-24,13:00,140,341.47374209658744,0.046123477224543935
2023-02-24,13:30,147,199.80688177966232,0.06270836060418453
2023-02-24,14:00,133,302.9966315133164,0.055547538759163836
2023-02-24,14:30,159,234.5589800440444,0.0
2023-02-24,15:00,137,390.0255590755427,0.07477892705878875
2023-02-24,15:30,137,275.4181907183976,0.0661424519327462
2023-02-24,16:00,109,323.817888467811,0.06010940318333254
2023-02-24,16:30,129,437.9830019455539,0.057848319343575344
2023-02-24,17:00,94,298.7212843904003,0.014618481902217637
2023-02-27,09:00,113,279.5358780943448,0.03951823204130815
2023-02-27,09:30,121,258.87900338088997,0.07242061334648943
2023-02-27,10:00,142,299.5349839430693,0.043442105669741646
2023-02-27,10:30,144,341.2549132333817,0.03265739568578199
2023-02-27,11:00,155,284.81369856116675,0.023082581530535703
2023-02-27,11:30,154,276.18895632276707,0.06748778361425456
2023-02-27,12:00,178,309.6794955683772,0.06701795924335945
2023-02-27,12:30,174,319.5232424964445,0.04793556494135008
2023-02-27,13:00,182,270.8620671194209,0.001223656834471419
2023-02-27,13:30,178,371.137406804997,0.06852430804483185
2023-02-27,14:00,185,361.8065360903109,0.05177315181922875
2023-02-27,14:30,177,269.1174052282825,0.043678542879459006
2023-02-27,15:00,168,360.1942218584408,0.04721107448638001
2023-02-27,15:30,157,300.0263979428299,0.0620241349785823
2023-02-27,16:00,128,185.1909523431381,0.038989263010168335
2023-02-27,16:30,130,274.5929901176345,0.04704439362365057
2023-02-27,17:00,115,372.62337672353726,0.0565348952920464
2023-02-28,09:00,103,331.1103572021701,0.02722333764438462
2023-02-28,09:30,110,296.211785673227,0.06340961234482426
2023-02-28,10:00,108,222.3120616991968,0.06635779316050058
2023-02-28,10:30,122,254.89742228212447,0.03260673837450612
2023-02-28,11:00,146,240.52940535663362,0.08285345906511926
2023-02-28,11:30,126,331.91959628041917,0.04342763048502031
2023-02-28,12:00,152,272.79429989429036,0.04674414187855412
2023-02-28,12:30,146,249.89062721092637,0.06481648690840253
2023-02-28,13:00,144,288.57000423299905,0.03011301250782976
2023-02-28,13:30,124,290.44861186999157,0.09825230843225832
2023-02-28,14:00,154,299.03698101328024,0.04474218341583465
2023-02-28,14:30,146,327.3559557587605,0.026383743693823104
2023-02-28,15:00,146,335.7690657720622,0.06436371451415869
2023-02-28,15:30,139,300.9808328846995,0.0634572247193364
2023-02-28,16:00,125,282.2979644529488,0.03852796454206198
2023-02-28,16:30,120,377.4510075747594,0.025217858486921985
2023-02-28,17:00,85,308.2380420618258,0.05101775403712036
2023-03-01,09:00,101,312.19765989542503,0.0455359549073039
2023-03-01,09:30,114,219.95480107617422,0.03343005950439508
2023-03-01,10:00,118,217.84055944229164,0.04648291191135858
2023-03-01,10:30,135,301.0443244147981,0.05461401811437367
2023-03-01,11:00,122,269.1819295980261,0.04249607239352126
2023-03-01,11:30,132,364.08218975018843,0.061153821214502496
2023-03-01,12:00,135,312.32523892160026,0.059964434969935705
2023-03-01,12:30,157,379.02703432841867,0.02969811616344263
2023-03-01,13:00,141,237.1211070542692,0.04531960281786038
2023-03-01,13:30,154,349.3667258294551,0.04848097952714955
2023-03-01,14:00,142,307.587899612437,0.03329714196739954
2023-03-01,14:30,167,219.61694864409708,0.05369481157791449
2023-03-01,15:00,155,300.3399922279999,0.04619921929997011
2023-03-01,15:30,131,290.9804159118796,0.0774569694935306
2023-03-01,16:00,97,376.6716850648163,0.021520856950997102
2023-03-01,16:30,116,278.5377789850669,0.061771065395414396
2023-03-01,17:00,84,323.10863330409717,0.09048619246573705
2023-03-02,09:00,86,309.48530838051977,0.03676035644406782
2023-03-02,09:30,104,300.9573888707876,0.037170261819113815
2023-03-02,10:00,124,390.2174054893371,0.04618192416545403
2023-03-02,10:30,126,235.3363521064418,0.030871272463639826
2023-03-02,11:00,140,374.20580142679825,0.0571122669757132
2023-03-02,11:30,132,299.9645702711677,0.024991845320605652
2023-03-02,12:00,152,344.1166531161705,0.040958193343338396
2023-03-02,12:30,141,313.2939114826024,0.04126560527918809
2023-03-02,13:00,149,404.98608945832575,0.04505948598508007
2023-03-02,13:30,146,267.62290971824206,0.06488383942999874
2023-03-02,14:00,144,267.5313480839287,0.07642608064546025
2023-03-02,14:30,160,269.97882171306475,0.012669200972787675
2023-03-02,15:00,145,265.7685087119998,0.06581251198325538
2023-03-02,15:30,115,344.6298669149655,0.025776561414384377
2023-03-02,16:00,126,300.7136533918217,0.030921211612067106
2023-03-02,16:30,115,334.31592284783505,0.05211788906230469
2023-03-02,17:00,105,398.82202922577426,0.018715167765778973
2023-03-03,09:00,116,305.21779687616066,0.03202431903353744
2023-03-03,09:30,86,290.54398046114835,0.0684330022384892
2023-03-03,10:00,117,375.5577465123674,0.020976486198968823
2023-03-03,10:30,119,237.38032777934404,0.05727263765249936
2023-03-03,11:00,144,278.9619103159473,0.0
2023-03-03,11:30,137,321.8369275866755,0.05808589509923395
2023-03-03,12:00,158,246.44731601754756,0.06360432210900899
2023-03-03,12:30,158,211.07062079967415,0.05639303651837955
2023-03-03,13:00,144,295.9238663449177,0.05695352967076673
2023-03-03,13:30,145,266.21459604191944,0.05068304834976049
2023-03-03,14:00,135,245.70874355574074,0.06358746565913007
2023-03-03,14:30,134,333.3156250454606,0.05925182585707903
2023-03-03,15:00,118,266.1217673832173,0.07388218806094746
2023-03-03,15:30,125,276.7797868845306,0.05924121786503793
2023-03-03,16:00,126,287.4230556977752,0.03804979610616717
2023-03-03,16:30,133,386.94498318987894,0.06957716101563591
2023-03-03,17:00,100,259.58671391795366,0.0333911118688687
2023-03-06,09:00,125,320.9199110444342,0.07803197185892859
2023-03-06,09:30,126,224.8459849120091,0.07103895235445837
2023-03-06,10:00,132,280.8014364023824,0.055004004125033895
2023-03-06,10:30,162,455.4959278002681,0.06213446118272366
2023-03-06,11:00,160,326.7252824240275,0.06775310851747672
2023-03-06,11:30,159,389.7605677956161,0.05460141518382804
2023-03-06,12:00,180,333.2962126027231,0.05843173221228912
2023-03-06,12:30,183,269.13734067265386,0.03883396492107939
2023-03-06,13:00,168,321.9750615310113,0.06557873007024229
2023-03-06,13:30,184,383.7246216673769,0.04988807962341907
2023-03-06,14:00,182,245.4149561930343,0.04225800595051198
2023-03-06,14:30,182,342.4551055371572,0.04412066104671636
2023-03-06,15:00,161,224.10631266595954,0.04285941598386782
2023-03-06,15:30,171,328.7602508053283,0.0600133144276242
2023-03-06,16:00,143,300.3531579314088,0.03679357721053106
2023-03-06,16:30,149,321.0486472194695,0.05984037695985599
2023-03-06,17:00,114,192.3328540064378,0.07194305423507391
2023-03-07,09:00,95,256.86121179784396,0.06386957823827988
2023-03-07,09:30,96,352.9968192023311,0.06234011899153395
2023-03-07,10:00,125,231.7022144399733,0.07423887970772801
2023-03-07,10:30,121,281.53614303768984,0.05286776934684503
2023-03-07,11:00,117,320.43264057403354,0.029412569836358572
2023-03-07,11:30,121,223.88204068910545,0.0722537674997985
2023-03-07,12:00,139,376.686385495825,0.039283970738954045
2023-03-07,12:30,129,244.17377800256705,0.07471623240013878
2023-03-07,13:00,148,272.58563517547,0.05320036451705576
2023-03-07,13:30,155,355.86994079512306,0.07896998459785853
2023-03-07,14:00,142,233.6976156958981,0.04173069677753448
2023-03-07,14:30,148,251.81205368946945,0.030856981702099145
2023-03-07,15:00,138,297.5673824214774,0.05065593990823173
2023-03-07,15:30,127,288.47996428971163,0.03151533711463392
2023-03-07,16:00,128,351.7624667361876,0.013076242755238124
2023-03-07,16:30,109,225.17353724549605,0.03699952131186204
2023-03-07,17:00,99,227.5177390150735,0.03156280373749374
2023-03-08,09:00,89,310.3633664699472,0.05138688674072501
2023-03-08,09:30,92,308.8410436069699,0.039066398308254695
2023-03-08,10:00,116,383.67260451492683,0.07680922103580697
2023-03-08,10:30,106,341.48662089395873,0.06622793108983184
2023-03-08,11:00,123,340.93888218774305,0.08075863836825106
2023-03-08,11:30,124,254.12485894928682,0.07035322933687005
2023-03-08,12:00,148,327.57381376197617,0.056811784328009936
2023-03-08,12:30,150,233.67639358444586,0.07094635413242897
2023-03-08,13:00,161,288.5304627965986,0.04913046100372275
2023-03-08,13:30,134,325.7127378008918,0.06144114883428289
2023-03-08,14:00,145,356.21766799352514,0.04331845538040119
2023-03-08,14:30,151,249.01678306539424,0.04952895698251524
2023-03-08,15:00,133,311.2653961020471,0.04260946142333283
2023-03-08,15:30,134,341.3023585720753,0.04126471525523565
2023-03-08,16:00,103,387.47919521027103,0.07762908157380974
2023-03-08,16:30,106,334.4853902622597,0.03994050458897314
2023-03-08,17:00,102,314.7112064506747,0.045311843993673565
2023-03-09,09:00,92,265.472947384187,0.031676161690375154
2023-03-09,09:30,91,296.64108549753223,0.035684800217784966
2023-03-09,10:00,125,374.36230776679633,0.03839893517259914
2023-03-09,10:30,121,324.9842555151467,0.05944004541838549
2023-03-09,11:00,136,337.13412091798614,0.05964497905361315
2023-03-09,11:30,122,343.45780321946364,0.06774581674533485
2023-03-09,12:00,138,301.8968917723801,0.06366657985622139
2023-03-09,12:30,144,353.6489023883006,0.09727744989238722
2023-03-09,13:00,142,230.94776984231126,0.056076371912097515
2023-03-09,13:30,157,288.4566813077615,0.07906521326642069
2023-03-09,14:00,132,334.64593115158056,0.03788278358482214
2023-03-09,14:30,163,399.62576765840595,0.03466686824433304
2023-03-09,15:00,129,342.9793943489901,0.04225738700420971
2023-03-09,15:30,134,301.26942102712053,0.011606536876046875
2023-03-09,16:00,118,265.5136112967913,0.040137543552004565
2023-03-09,16:30,133,237.1746552860372,0.06626410373495956
2023-03-09,17:00,97,286.0119915752083,0.06580743792103423
2023-03-10,09:00,103,328.53064986097655,0.06936369321065722
2023-03-10,09:30,96,269.3881632746125,0.02829698946884404
2023-03-10,10:00,110,447.45472126543626,0.07489359161473574
2023-03-10,10:30,105,233.87710216282147,0.059637321234369836
2023-03-10,11:00,140,327.4441917658682,0.044900884128926045
2023-03-10,11:30,134,316.39397620796785,0.05171786012586661
2023-03-10,12:00,124,288.5100184712403,0.03297187131479373
2023-03-10,12:30,147,449.2629501301705,0.057349633309486094
2023-03-10,13:00,146,346.0900750988626,0.05965375774418426
2023-03-10,13:30,154,330.34252966078355,0.09113087129659084
2023-03-10,14:00,134,323.68160384057273,0.031472377400369234
2023-03-10,14:30,151,254.06567442569528,0.04165266372789832
2023-03-10,15:00,132,348.79083596723547,0.06836908887884828
2023-03-10,15:30,122,302.74670554999244,0.03580840290501655
2023-03-10,16:00,106,289.14914747878146,0.04383034423088361
2023-03-10,16:30,143,321.6479912680348,0.022447649984915257
2023-03-10,17:00,94,351.0691647714699,0.0917688554573985
2023-03-13,09:00,104,206.00378074304774,0.08741930350743565
2023-03-13,09:30,123,256.58536340618167,0.06069258172244871
2023-03-13,10:00,116,300.168775329858,0.05655642345686171
2023-03-13,10:30,152,249.30520238537312,0.05171374322806718
2023-03-13,11:00,153,312.76918778371584,0.03209307355273952
2023-03-13,11:30,158,250.20923026048854,0.06302272483647314
2023-03-13,12:00,184,288.2689715021293,0.05076475989920057
2023-03-13,12:30,160,285.01616759966066,0.04899590765916511
2023-03-13,13:00,206,244.4016487112918,0.07928354477504876
2023-03-13,13:30,189,314.0318202245068,0.08517240968390266
2023-03-13,14:00,179,319.45795978339646,0.04893758693964909
2023-03-13,14:30,187,354.8234616905442,0.037486454250075754
2023-03-13,15:00,149,289.85096813021715,0.033999228712047073
2023-03-13,15:30,161,361.87190673420696,0.040853966898264205
2023-03-13,16:00,142,302.90113674041976,0.0669686176441057
2023-03-13,16:30,120,269.6649852617352,0.054225673845589455
2023-03-13,17:00,132,275.40487762468973,0.012468945879162523
2023-03-14,09:00,106,268.23188055871856,0.026206666818192777
2023-03-14,09:30,93,290.77373211720754,0.03790510670923575
2023-03-14,10:00,97,344.8533098443566,0.07549750082557445
2023-03-14,10:30,125,243.11571647875917,0.04597016932104964
2023-03-14,11:00,135,329.9397194780955,0.06336680977436163
2023-03-14,11:30,128,304.099777820678,0.059145608092304826
2023-03-14,12:00,160,335.22532699123616,0.06578113374751038
2023-03-14,12:30,147,370.5229572601752,0.05819525591918995
2023-03-14,13:00,141,370.16849850625954,0.06395806545078056
2023-03-14,13:30,145,276.02535163003785,0.055931510902815236
2023-03-14,14:00,150,309.8646132815603,0.0562261734688577
2023-03-14,14:30,163,353.57715761174427,0.05381271182530049
2023-03-14,15:00,144,248.37380482362303,0.05795854099893618
2023-03-14,15:30,153,289.0977052303813,0.033047321427618306
2023-03-14,16:00,112,245.5183481328806,0.034304761837445935
2023-03-14,16:30,115,229.7216490410679,0.05031236667899206
2023-03-14,17:00,109,254.61219099265398,0.08038567847283538
2023-03-15,09:00,105,351.52902928120284,0.03684330892295726
2023-03-15,09:30,108,245.40330498023434,0.06780495001673018
2023-03-15,10:00,120,327.6625609992392,0.02648810788750297
2023-03-15,10:30,110,329.8614109126692,0.031033039915515988
2023-03-15,11:00,139,231.6431096769877,0.06696348425333337
2023-03-15,11:30,123,327.6149968839762,0.06251261867292002
2023-03-15,12:00,139,329.10132835423633,0.05520884526667112
2023-03-15,12:30,140,249.57226579618958,0.010747486166548421
2023-03-15,13:00,153,221.75986143189726,0.05190688398882617
2023-03-15,13:30,147,333.9571387719098,0.04395909001020272
2023-03-15,14:00,142,336.59353521441477,0.056701160581682356
2023-03-15,14:30,149,323.4633794904263,0.019288557535857887
2023-03-15,15:00,142,330.62343970068014,0.02966633742847006
2023-03-15,15:30,132,298.03463561861844,0.04731006431196535
2023-03-15,16:00,122,371.5683390915592,0.07163533455345658
2023-03-15,16:30,106,331.1034995153024,0.07657866639070819
2023-03-15,17:00,103,354.54902125929834,0.09024540891401531
2023-03-16,09:00,110,312.46542978208646,0.07090176948169508
2023-03-16,09:30,101,301.19515216424776,0.042971715285725354
2023-03-16,10:00,134,259.07856670289993,0.08064735449356232
2023-03-16,10:30,124,230.03469125990293,0.05735298585982843
2023-03-16,11:00,114,331.2754008415518,0.06770462965977983
2023-03-16,11:30,129,306.1773847977791,0.08908314867500572
2023-03-16,12:00,141,247.05462064716997,0.07963326804925197
2023-03-16,12:30,165,300.18478359239236,0.07022926070816712
2023-03-16,13:00,163,262.8757883730808,0.040293883292642635
2023-03-16,13:30,162,384.25071393542544,0.0612576172034871
2023-03-16,14:00,137,399.353055584972,0.039380582043760715
2023-03-16,14:30,142,317.1168917244811,0.08108320841429549
2023-03-16,15:00,143,320.7432750180955,0.05926577060236213
2023-03-16,15:30,135,327.9069757259253,0.0
2023-03-16,16:00,116,312.06609674583905,0.02697971832760986
2023-03-16,16:30,122,289.77643895069394,0.08510951396630981
2023-03-16,17:00,115,276.70972154409185,0.046983245768666096
2023-03-17,09:00,99,277.41702619201885,0.053900499680562534
2023-03-17,09:30,92,243.4692332531237,0.062454224478005374
2023-03-17,10:00,125,259.7842120170004,0.067907108615252
2023-03-17,10:30,112,312.65826190189904,0.06640688025224913
2023-03-17,11:00,135,322.7370456070567,0.039671407122248564
2023-03-17,11:30,133,289.707028455983,0.03506843306919522
2023-03-17,12:00,144,222.56908505681267,0.040176925057157906
2023-03-17,12:30,143,287.19101237523097,0.04517005108258443
2023-03-17,13:00,149,323.9720759043032,0.06749034148265046
2023-03-17,13:30,143,239.83995723054278,0.029159111755137943
2023-03-17,14:00,141,282.40393410917454,0.03460007867605086
2023-03-17,14:30,133,277.19395862629057,0.05362853240227943
2023-03-17,15:00,141,272.12884734458396,0.04174004355713132
2023-03-17,15:30,126,298.4280414812612,0.033031427316183706
2023-03-17,16:00,124,210.70667540329444,0.042807406550950756
2023-03-17,16:30,122,309.1917258161252,0.10386067327960993
2023-03-17,17:00,103,249.7972701578995,0.04809071505821854
2023-03-20,09:00,102,295.97001253516197,0.03333887885998483
2023-03-20,09:30,129,272.52298627022327,0.04766468168409507
2023-03-20,10:00,136,386.9425675926666,0.04357514467764177
2023-03-20,10:30,161,340.7075881059133,0.059641334546707725
2023-03-20,11:00,166,319.68986491081256,0.011446548413087801
2023-03-20,11:30,159,342.2578985592161,0.04902205633051789
2023-03-20,12:00,161,297.37977747112654,0.08408211032510983
2023-03-20,12:30,187,296.8997995316984,0.06902898554116174
2023-03-20,13:00,176,214.80642065866405,0.03151068023740891
2023-03-20,13:30,195,286.3003459085348,0.04513232041249964
2023-03-20,14:00,172,395.2068294786503,0.08251917830724126
2023-03-20,14:30,197,292.04773947999746,0.055912489774941905
2023-03-20,15:00,147,373.8467213059137,0.026644408974641303
2023-03-20,15:30,164,245.1348736183578,0.038222663465226084
2023-03-20,16:00,134,269.6062369662091,0.03921754593702043
2023-03-20,16:30,137,341.6666955890154,0.0279027441387496
2023-03-20,17:00,122,360.8979576152779,0.03973607270973208
2023-03-21,09:00,92,288.47376874098745,0.0735945041672142
2023-03-21,09:30,101,273.4392852696201,0.0596775330237608
2023-03-21,10:00,108,334.0679755221474,0.058172146154035355
2023-03-21,10:30,116,258.07071007763847,0.032266381554330856
2023-03-21,11:00,140,361.4490251244531,0.037253845059424105
2023-03-21,11:30,139,195.64864906989658,0.03830764538685601
2023-03-21,12:00,145,254.5158291509083,0.03126987250420808
2023-03-21,12:30,139,314.60963641631866,0.04625341963187251
2023-03-21,13:00,127,193.9649923682467,0.037862696442856496
2023-03-21,13:30,154,162.62475786373827,0.04000539647696739
2023-03-21,14:00,140,369.41688891042236,0.04229956376574273
2023-03-21,14:30,150,307.06285700437314,0.00738867040385599
2023-03-21,15:00,143,310.7698252728144,0.060165372793491795
2023-03-21,15:30,174,195.79435302507056,0.08449393299522218
2023-03-21,16:00,116,314.36644522015047,0.04908975509397516
2023-03-21,16:30,114,271.50835358806205,0.05659017471146019
2023-03-21,17:00,84,337.52895837608827,0.04167611190229492
2023-03-22,09:00,88,277.4993571002093,0.07514298433725146
2023-03-22,09:30,94,317.922680910481,0.035380874485690536
2023-03-22,10:00,126,334.2753869395102,0.08697217666592824
2023-03-22,10:30,117,333.43274023789536,0.05196135079077889
2023-03-22,11:00,148,264.0583806195635,0.06490010625754562
2023-03-22,11:30,133,296.7905911445751,0.05183504968896746
2023-03-22,12:00,148,294.1885478439021,0.05429426366341053
2023-03-22,12:30,161,349.2724842807609,0.06738309184993793
2023-03-22,13:00,145,255.5379585885838,0.06910601116475507
2023-03-22,13:30,158,373.6335337875491,0.03792038748061541
2023-03-22,14:00,143,218.02579187372828,0.04215057787878254
2023-03-22,14:30,156,276.6752310385901,0.06280959590401648
2023-03-22,15:00,133,316.20285141107803,0.027046172203686655
2023-03-22,15:30,136,150.44320145496383,0.046262076836760306
2023-03-22,16:00,102,360.2997258273408,0.06554814705529023
2023-03-22,16:30,123,376.050311357969,0.031021669583503258
2023-03-22,17:00,117,346.60957821301923,0.045268894255621084
2023-03-23,09:00,111,244.6853243794183,0.03350971676944653
2023-03-23,09:30,93,273.55111459679927,0.028868847144794946
2023-03-23,10:00,131,287.05727998150843,0.05705009936713759
2023-03-23,10:30,113,208.96983497257415,0.05540114716782844
2023-03-23,11:00,116,296.5682976957266,0.02263369922334379
2023-03-23,11:30,155,345.5681361087361,0.05211507582542961
2023-03-23,12:00,158,257.6842011267132,0.060869587573401863
2023-03-23,12:30,148,313.2010040666835,0.07544707000213535
2023-03-23,13:00,157,314.43618314125115,0.01690225127543408
2023-03-23,13:30,140,293.8645533202138,0.05186744748553303
2023-03-23,14:00,134,420.5838337789211,0.08032788110507146
2023-03-23,14:30,152,303.6018430641872,0.04575582060197697
2023-03-23,15:00,125,303.8740259259431,0.055155050802855016
2023-03-23,15:30,122,316.70882086224486,0.04689481902350503
2023-03-23,16:00,100,256.9807494610249,0.04172788933156712
2023-03-23,16:30,138,327.8276562266879,0.023290368618002176
2023-03-23,17:00,104,222.63480055308173,0.07165382107774147
2023-03-24,09:00,95,295.31819056304147,0.0765159329508438
2023-03-24,09:30,87,230.14409074435042,0.0383280134730799
2023-03-24,10:00,129,224.0326962261579,0.0
2023-03-24,10:30,114,327.58703999554604,0.07400523499477658
2023-03-24,11:00,130,279.4286696441999,0.07307801468511495
2023-03-24,11:30,116,280.57396124084954,0.053808477798501154
2023-03-24,12:00,150,274.50966534045585,0.05068882023411683
2023-03-24,12:30,121,267.08757938330757,0.05907017425108935
2023-03-24,13:00,140,302.9492110794799,0.058937450016053966
2023-03-24,13:30,146,308.52318854982855,0.030745348694307756
2023-03-24,14:00,144,330.5108084794611,0.05313945921936869
2023-03-24,14:30,140,311.21082021453964,0.06429219581273236
2023-03-24,15:00,114,357.95370324779486,0.043274905226378564
2023-03-24,15:30,139,359.8623461822614,0.02256652605539068
2023-03-24,16:00,112,285.57256520621473,0.03432492957751143
2023-03-24,16:30,136,257.16139530866036,0.03888906441026267
2023-03-24,17:00,102,239.89252369619555,0.04208638576487472
2023-03-27,09:00,123,283.35697978087444,0.04813226282200104
2023-03-27,09:30,114,224.27648454096163,0.05643186422678478
2023-03-27,10:00,160,300.9200815391719,0.054505282344950994
2023-03-27,10:30,149,236.53347517266505,0.0840502931625921
2023-03-27,11:00,164,381.5928449544555,0.035339340089520214
2023-03-27,11:30,180,338.75777470173915,0.06106080171704717
2023-03-27,12:00,177,287.57356909627754,0.07401063316947745
2023-03-27,12:30,176,201.64651482064238,0.027656270765859955
2023-03-27,13:00,178,315.49994915827773,0.04886823022200209
2023-03-27,13:30,192,202.44490679806876,0.052871758730103205
2023-03-27,14:00,157,337.98561477420844,0.048110825711159946
2023-03-27,14:30,179,256.8058519705117,0.07558929863315503
2023-03-27,15:00,172,329.1772151505944,0.04740965506273119
2023-03-27,15:30,168,264.6553716006326,0.06711111318041424
2023-03-27,16:00,159,353.5305279989593,0.03540795060385181
2023-03-27,16:30,146,235.34292281206763,0.06144780622351352
2023-03-27,17:00,124,206.5091830233918,0.026764323121752726
2023-03-28,09:00,97,284.9570126429587,0.025810461291623895
2023-03-28,09:30,103,312.5736804470256,0.04611461736042961
2023-03-28,10:00,111,352.4353563208282,0.08310814226176591
2023-03-28,10:30,114,269.391654142259,0.059824153308239925
2023-03-28,11:00,131,293.0301399668383,0.06479306303449343
2023-03-28,11:30,116,365.9151162426335,0.05145361048658683
2023-03-28,12:00,142,295.53829228892755,0.04924858710041038
2023-03-28,12:30,128,374.74691137266177,0.050826512645412374
2023-03-28,13:00,154,347.57748852870213,0.029576750848794
2023-03-28,13:30,154,286.6179454550603,0.06693541550432988
2023-03-28,14:00,124,295.04528498793655,0.03794358688432077
2023-03-28,14:30,150,323.5022093684101,0.03584748210355948
2023-03-28,15:00,128,294.46673157213354,0.03206715545369584
2023-03-28,15:30,143,281.5396399776277,0.0
2023-03-28,16:00,115,248.07280895780139,0.017374483690781095
2023-03-28,16:30,106,305.4704235916485,0.07657281656496462
2023-03-28,17:00,103,269.674830589213,0.059118083903414054
2023-03-29,09:00,95,265.26998154184275,0.026912746635340313
2023-03-29,09:30,82,280.5038146720277,0.05316106979840264
2023-03-29,10:00,118,279.20165360263206,0.03108507878606438
2023-03-29,10:30,125,234.14340400267076,0.0655205582768695
2023-03-29,11:00,125,262.37823813234826,0.020664296187686462
2023-03-29,11:30,130,348.76562292389895,0.060312561768879135
2023-03-29,12:00,155,326.1071272966968,0.027926603429392616
2023-03-29,12:30,142,260.9900435441269,0.07661149808078081
2023-03-29,13:00,138,344.68488446945554,0.0678590774021754
2023-03-29,13:30,168,279.51567036852515,0.06424644319160325
2023-03-29,14:00,169,269.11791615331515,0.019299195049352808
2023-03-29,14:30,127,335.63560144306655,0.012336995838828323
2023-03-29,15:00,131,321.865659351948,0.053703510736598285
2023-03-29,15:30,139,311.11449279004273,0.07557731626626787
2023-03-29,16:00,109,266.1502430770734,0.034546811094583525
2023-03-29,16:30,127,345.01992941975317,0.05902450638637016
2023-03-29,17:00,111,241.09795663118098,0.08334448223102275
2023-03-30,09:00,115,336.7810998622873,0.0856359781754212
2023-03-30,09:30,83,273.7775931868674,0.03529393078636096
2023-03-30,10:00,126,247.49296301989273,0.06514990298674972
2023-03-30,10:30,132,334.76014500419996,0.05567502047323002
2023-03-30,11:00,125,257.6574516937318,0.07499237810593334
2023-03-30,11:30,143,298.04902403112277,0.041641809084682194
2023-03-30,12:00,125,246.45737906577807,0.08822838174279447
2023-03-30,12:30,133,309.47399106105405,0.07014887946390397
2023-03-30,13:00,137,309.23552373905414,0.0687583107502131
2023-03-30,13:30,150,443.4201527833384,0.016628014822436095
2023-03-30,14:00,156,291.3599131301768,0.0654384030967335
2023-03-30,14:30,150,263.3421901445002,0.054579927849186805
2023-03-30,15:00,116,330.16237502856967,0.05596316931981052
2023-03-30,15:30,141,352.9059162543575,0.05735239680419422
2023-03-30,16:00,120,255.9465831669354,0.03575558472701898
2023-03-30,16:30,131,371.81677028529896,0.04523779127375892
2023-03-30,17:00,100,254.7692812503117,0.0734551369053489
2023-03-31,09:00,106,397.0608718231874,0.032433538456405224
2023-03-31,09:30,96,311.5722961262786,0.06292979075451542
2023-03-31,10:00,116,256.351945477315,0.06762815057847142
2023-03-31,10:30,126,254.18629497181377,0.07710885602210991
2023-03-31,11:00,147,306.71482486238966,0.051591957247520734
2023-03-31,11:30,140,256.9148464871871,0.050600629583281646
2023-03-31,12:00,124,343.8227822751468,0.018770135551162814
2023-03-31,12:30,161,283.4939953016775,0.045766660361376464
2023-03-31,13:00,143,285.59805630389616,0.07837062690296073
2023-03-31,13:30,125,363.84826930440937,0.05676046962203417
2023-03-31,14:00,134,246.2343803475381,0.08352786054416406
2023-03-31,14:30,136,242.33247447020204,0.07274629084729459
2023-03-31,15:00,138,253.10372117318005,0.05433249950809238
2023-03-31,15:30,125,355.04106992113026,0.07122741929746268
2023-03-31,16:00,124,318.0830530623508,0.08522376249734748
2023-03-31,16:30,119,240.90629372895995,0.05898947825664614
2023-03-31,17:00,120,249.2620253407074,0.04277074466612029
